-- ============================================================
-- 扶贫帮扶管理系统 - 测试数据脚本
-- 必须先执行 init-schema.sql 建表后再执行此脚本
-- ============================================================

USE `poverty_db`;

-- ============================================================
-- 1. 系统用户 (6 个用户)
-- 密码均为 123456 (BCrypt)
-- ============================================================
INSERT INTO `sys_user` (`user_id`, `username`, `password`, `real_name`, `id_card`, `phone`, `role_code`, `status`, `create_time`, `last_login`) VALUES
(2, 'zhangjianjun',  '$2a$10$X3T.WITx6jz23eAY5FESJ.W6CAOZ9YEDCjxxEJZOWNn0v4vkylsIi', '张建军', '410101199003154871', '13800001001', 'admin',   1, '2024-01-01 09:00:00', '2024-06-15 08:30:00'),
(3, 'liweimin',      '$2a$10$X3T.WITx6jz23eAY5FESJ.W6CAOZ9YEDCjxxEJZOWNn0v4vkylsIi', '李为民', '410101198507262352', '13800001002', 'cadre',   1, '2024-01-02 09:00:00', '2024-06-14 09:00:00'),
(4, 'wangdashan',    '$2a$10$X3T.WITx6jz23eAY5FESJ.W6CAOZ9YEDCjxxEJZOWNn0v4vkylsIi', '王大山', '410101197811093411', '13800001003', 'poor',    1, '2024-01-03 10:00:00', NULL),
(5, 'liufugui',      '$2a$10$X3T.WITx6jz23eAY5FESJ.W6CAOZ9YEDCjxxEJZOWNn0v4vkylsIi', '刘福贵', '410101198212153278', '13800001004', 'poor',    1, '2024-01-04 10:00:00', NULL),
(6, 'chenxiuying',   '$2a$10$X3T.WITx6jz23eAY5FESJ.W6CAOZ9YEDCjxxEJZOWNn0v4vkylsIi', '陈秀英', '410101196509223489', '13800001005', 'poor',    1, '2024-01-05 10:00:00', NULL),
(7, 'zhaohongxia',   '$2a$10$X3T.WITx6jz23eAY5FESJ.W6CAOZ9YEDCjxxEJZOWNn0v4vkylsIi', '赵红霞', '410101199208194567', '13800001006', 'volunteer',1, '2024-01-06 09:00:00', '2024-06-10 14:00:00'),
(8, 'sunzhiqiang',   '$2a$10$X3T.WITx6jz23eAY5FESJ.W6CAOZ9YEDCjxxEJZOWNn0v4vkylsIi', '孙志强', '410101199111082134', '13800001007', 'volunteer',1, '2024-01-07 09:00:00', NULL);

-- ============================================================
-- 2. 用户角色关联
-- ============================================================
INSERT INTO `sys_user_role` (`user_id`, `role_id`) VALUES
(2, 1),  -- 张建军 -> admin
(3, 2),  -- 李为民 -> cadre
(4, 3),  -- 王大山 -> poor
(5, 3),  -- 刘福贵 -> poor
(6, 3),  -- 陈秀英 -> poor
(7, 4),  -- 赵红霞 -> volunteer
(8, 4);  -- 孙志强 -> volunteer

-- ============================================================
-- 3. 贫困户家庭档案 (5 户)
-- ============================================================
INSERT INTO `poverty_family` (`family_id`, `family_code`, `householder_id`, `householder_name`, `id_card`, `province`, `city`, `district`, `town`, `village`, `address`, `family_size`, `annual_income`, `poverty_cause_code`, `poverty_level`, `status`, `filing_date`, `create_time`) VALUES
(1, 'PK20240001', 4, '王大山', '410101197811093411', '河南省', '洛阳市', '嵩县', '田湖镇', '小安头村', '田湖镇小安头村3组', 4, 8500.00, 'illness',    'general', '建档',   '2024-01-10', '2024-01-10 09:00:00'),
(2, 'PK20240002', 5, '刘福贵', '410101198212153278', '河南省', '洛阳市', '嵩县', '城关镇', '王庄村',   '城关镇王庄村1组',  5, 6200.00, 'lack_skill', 'dibao',   '建档',   '2024-01-12', '2024-01-12 09:00:00'),
(3, 'PK20240003', 6, '陈秀英', '410101196509223489', '河南省', '洛阳市', '嵩县', '车村镇', '明白川村', '车村镇明白川村5组', 3, 4800.00, 'disability', 'special', '已脱贫', '2023-03-15', '2023-03-15 09:00:00'),
(4, 'PK20230004', NULL, '赵铁柱', '410101198808163214', '河南省', '洛阳市', '嵩县', '闫庄镇', '西崖沟村', '闫庄镇西崖沟村2组', 6, 7200.00, 'lack_labor', 'general', '建档',   '2024-02-20', '2024-02-20 09:00:00'),
(5, 'PK20230005', NULL, '马翠花', '410101197509013245', '河南省', '洛阳市', '嵩县', '大坪乡', '宋岭村',   '大坪乡宋岭村4组',  2, 3500.00, 'disaster',   'dibao',   '已返贫', '2023-06-01', '2023-06-01 09:00:00');

-- ============================================================
-- 4. 家庭成员 (12 人)
-- ============================================================
INSERT INTO `family_member` (`member_id`, `family_id`, `name`, `relationship`, `id_card`, `phone`, `gender`, `age`, `health_status`, `has_job`, `education`, `remarks`) VALUES
(1, 1, '王大山',  '户主',    '410101197811093411', '13800001003', '男', 46, '患有慢性胃炎', 0, '初中',     ''),
(2, 1, '李秀兰',  '配偶',    '410101198203144528', '13900001003', '女', 42, '健康',         1, '初中',     '在县城餐馆打工'),
(3, 1, '王小龙',  '之子',    '410101201005093412', NULL,         '男', 14, '健康',         0, '初中在读', ''),
(4, 2, '刘福贵',  '户主',    '410101198212153278', '13800001004', '男', 42, '健康',         0, '小学',     ''),
(5, 2, '张巧珍',  '配偶',    '410101198507182346', '13900001004', '女', 39, '健康',         0, '小学',     ''),
(6, 2, '刘小花',  '之女',    '410101201209153412', NULL,         '女', 12, '健康',         0, '小学在读', ''),
(7, 2, '刘小军',  '之子',    '410101201509153413', NULL,         '男', 9,  '健康',         0, '小学在读', ''),
(8, 3, '陈秀英',  '户主',    '410101196509223489', '13800001005', '女', 59, '肢体残疾三级', 0, '文盲',     '丧偶'),
(9, 3, '张明辉',  '之子',    '410101199008223412', '13700001005', '男', 34, '健康',         1, '大专',     '在县城务工'),
(10, 4, '赵铁柱',  '户主',    '410101198808163214', '13800001006', '男', 36, '腰椎间盘突出', 0, '初中',     ''),
(11, 4, '赵小花',  '之女',    '410101201608163415', NULL,         '女', 8,  '健康',         0, '小学在读', ''),
(12, 5, '马翠花',  '户主',    '410101197509013245', '13800001007', '女', 51, '高血压',       0, '小学',     '丈夫去世');

-- ============================================================
-- 5. 帮扶结对 (4 对)
-- ============================================================
INSERT INTO `assistance_pairing` (`pairing_id`, `cadre_user_id`, `family_id`, `pair_date`, `end_date`, `status`, `remark`) VALUES
(1, 3, 1, '2024-01-15', NULL, '1', '李为民结对帮扶王大山家庭'),
(2, 3, 2, '2024-01-16', NULL, '1', '李为民结对帮扶刘福贵家庭'),
(3, 3, 4, '2024-02-25', NULL, '1', '李为民结对帮扶赵铁柱家庭'),
(4, 3, 3, '2023-04-01', '2024-03-31', '0', '陈秀英家庭已脱贫，结对结束');

-- ============================================================
-- 6. 帮扶措施 (8 条)
-- ============================================================
INSERT INTO `assistance_measure` (`measure_id`, `pairing_id`, `family_id`, `measure_type`, `content`, `target_amount`, `actual_amount`, `progress`, `status`, `create_time`) VALUES
(1, 1, 1, 'medical',   '协助办理慢性病门诊报销手续，联系县医院定期体检',           2000.00, 1500.00, 75,  '2', '2024-01-20 09:00:00'),
(2, 1, 1, 'industry',  '帮助申请到户增收项目，发放优质花椒苗200株',                5000.00, 5000.00, 100, '2', '2024-02-10 09:00:00'),
(3, 1, 1, 'employment','介绍李秀兰到县城福万家超市务工',                           0.00,    0.00,   100, '2', '2024-03-05 09:00:00'),
(4, 2, 2, 'education', '为刘小花、刘小军申请义务教育阶段寄宿生生活补助',          2500.00, 2500.00, 100, '2', '2024-02-01 09:00:00'),
(5, 2, 2, 'employment','联系县职业中专为刘福贵提供电焊技能培训',                  3000.00, 2000.00, 60,  '1', '2024-03-10 09:00:00'),
(6, 2, 2, 'finance',   '协助申请5万元小额扶贫贷款发展养殖业',                    50000.00, 50000.00, 50, '1', '2024-04-01 09:00:00'),
(7, 3, 4, 'housing',   '申请农村危房改造补贴',                                    15000.00, 15000.00, 0,  '0', '2024-03-01 09:00:00'),
(8, 4, 3, 'medical',   '为陈秀英办理残疾证及残疾人生活补贴',                       1200.00, 1200.00, 100, '2', '2023-04-15 09:00:00');

-- ============================================================
-- 7. 走访记录 (6 条)
-- ============================================================
INSERT INTO `visit_record` (`record_id`, `cadre_user_id`, `family_id`, `visit_date`, `content`, `photos`, `next_plan`, `create_time`) VALUES
(1, 3, 1, '2024-02-15', '到王大山家走访，了解其慢性病治疗情况，查看花椒苗种植进度。王大山表示目前病情稳定，花椒苗已全部栽种完毕。', '["http://oss.example.com/visit/1/photo1.jpg"]', '下个月回访，查看花椒苗生长情况', '2024-02-15 10:30:00'),
(2, 3, 1, '2024-03-20', '回访王大山家，花椒苗长势良好，李秀兰在超市工作适应。', NULL, '继续关注花椒种植', '2024-03-20 09:00:00'),
(3, 3, 2, '2024-02-20', '到刘福贵家走访，了解孩子上学情况，宣传扶贫贷款政策。', '[]', '协助申请扶贫贷款', '2024-02-20 14:00:00'),
(4, 3, 2, '2024-04-05', '再次走访刘福贵家，已提交扶贫贷款申请，等待银行审批。刘福贵参加焊工培训积极性高。', NULL, '跟进贷款审批进度', '2024-04-05 15:30:00'),
(5, 3, 4, '2024-03-10', '到赵铁柱家走访，查看住房情况，房屋墙体有裂缝，需要申请危房改造。', '["http://oss.example.com/visit/5/photo1.jpg"]', '协助申请危房改造', '2024-03-10 11:00:00'),
(6, 3, 3, '2023-07-20', '走访陈秀英家，已享受残疾人补贴，儿子张明辉在县城工作稳定，家庭收入达标。', NULL, '准备脱贫验收材料', '2023-07-20 10:00:00');

-- ============================================================
-- 8. 扶贫项目 (4 个)
-- ============================================================
INSERT INTO `poverty_project` (`project_id`, `project_name`, `family_id`, `proposer_id`, `budget`, `raised_amount`, `description`, `status`, `create_time`) VALUES
(1, '王大山家庭花椒种植项目',   1, 3, 5000.00,  5000.00,  '为王大山家购买优质花椒苗200株及肥料，发展庭院经济',               '4', '2024-01-25 09:00:00'),
(2, '刘福贵家庭养殖业扶持项目', 2, 3, 50000.00, 50000.00, '协助刘福贵申请扶贫小额贷款，购买种羊10只发展养殖业',            '1', '2024-04-10 09:00:00'),
(3, '赵铁柱家庭危房改造项目',   4, 3, 15000.00, 0.00,     '赵铁柱家房屋墙体开裂，屋顶漏水，需申请危房改造补贴',            '0', '2024-03-15 09:00:00'),
(4, '明白川村道路硬化项目',     NULL, 3, 200000.00, 50000.00, '明白川村通组道路未硬化，雨天泥泞难行，申请资金修建水泥路',      '3', '2024-05-01 09:00:00');

-- ============================================================
-- 9. 项目审计日志
-- ============================================================
INSERT INTO `project_audit_log` (`log_id`, `project_id`, `auditor_id`, `action`, `comment`, `create_time`) VALUES
(1, 1, 1, '审核通过', '项目方案合理，预算适当，同意实施',         '2024-02-01 10:00:00'),
(2, 4, 1, '审核通过', '道路硬化确属急需，列入年度计划，分期实施', '2024-05-10 10:00:00');

-- ============================================================
-- 10. 困难需求 (5 条)
-- ============================================================
INSERT INTO `needs_publish` (`need_id`, `family_id`, `publisher_id`, `need_type`, `title`, `description`, `target_amount`, `actual_amount`, `status`, `create_time`) VALUES
(1, 1, 4, '医疗',   '慢性病治疗费用救助',          '王大山患有慢性胃炎，长期服药，希望获得医疗费用补助',          3000.00, 1500.00, '1', '2024-02-01 10:00:00'),
(2, 2, 5, '教育',   '孩子学杂费资助',              '两个孩子上学，家庭负担重，希望获得学杂费资助',                2000.00, 0.00,    '0', '2024-03-01 10:00:00'),
(3, 4, 6, '物资',   '过冬棉被和衣物',              '家庭经济困难，缺少过冬棉被和保暖衣物',                        1000.00, 1000.00, '1', '2024-10-15 10:00:00'),
(4, 5, 7, '资金',   '房屋修缮资金',                '屋顶漏水严重，急需资金修缮',                                  8000.00, 0.00,    '0', '2024-11-01 10:00:00'),
(5, 1, 4, '技术',   '花椒种植技术指导',            '希望能得到花椒树病虫害防治方面的技术培训',                    0.00,    0.00,    '2', '2024-03-10 10:00:00');

-- ============================================================
-- 11. 资金捐赠 (4 笔)
-- ============================================================
INSERT INTO `donation_money` (`money_donation_id`, `donor_name`, `amount`, `payment_method`, `transaction_id`, `recorder_id`, `status`, `need_id`, `project_id`, `donate_time`, `is_anonymous`) VALUES
(1, '洛阳市慈善总会',      5000.00, '银行转账', 'BANK20240201001', 7, 1, 1, NULL, '2024-02-01 10:00:00', 0),
(2, '爱心人士赵先生',      1500.00, '微信支付', 'WX20240215003',   7, 1, 1, NULL, '2024-02-15 14:00:00', 1),
(3, '嵩县民政局',          50000.00,'银行转账', 'BANK20240501001', 1, 1, NULL, 4, '2024-05-01 09:00:00', 0),
(4, '匿名爱心人士',        300.00,  '支付宝',   'ALI20240312001',  8, 0, 2, NULL, '2024-03-12 16:00:00', 1);

-- ============================================================
-- 12. 物资捐赠 (3 笔)
-- ============================================================
INSERT INTO `donation_goods` (`goods_donation_id`, `donor_name`, `goods_name`, `quantity`, `unit`, `need_id`, `logistics_info`, `recorder_id`, `receive_family_id`, `status`, `donate_time`) VALUES
(1, '洛阳爱心企业联合会', '大米',      100, '袋',  NULL, '已配送至田湖镇扶贫办',       7, NULL, 2, '2024-01-20 10:00:00'),
(2, '社区爱心人士',       '过冬棉被',  5,   '床',  3,    '已送达赵铁柱家',             8, 4,    3, '2024-10-20 10:00:00'),
(3, '慈善超市',           '保暖衣物',  10,  '件',  3,    '由志愿者赵红霞转交',         7, 4,    2, '2024-10-22 14:00:00');

-- ============================================================
-- 13. 就业岗位 (4 个)
-- ============================================================
INSERT INTO `job_position` (`job_id`, `publisher_id`, `title`, `company`, `requirements`, `salary_range`, `workplace`, `contact`, `is_valid`, `publish_time`) VALUES
(1, 3, '超市理货员',     '嵩县福万家超市',         '身体健康，能吃苦耐劳，45岁以下',        '2000-3000元/月', '嵩县县城',      '张经理 13800002001', 1, '2024-01-10 09:00:00'),
(2, 3, '建筑小工',       '嵩县建工集团',           '男性，50岁以下，有工地经验优先',        '150-200元/天',  '嵩县县城',      '刘队长 13800002002', 1, '2024-02-01 09:00:00'),
(3, 3, '家政服务员',     '洛阳洁美家政公司',       '女性，55岁以下，身体健康',              '3000-4500元/月', '洛阳市区',      '王老师 13800002003', 1, '2024-03-01 09:00:00'),
(4, 7, '电商客服',       '洛阳乡村振兴电商中心',   '会基本电脑操作，打字速度40字/分钟以上', '2500-3500元/月', '嵩县县城(可居家)', '赵经理 13800002004', 0, '2024-04-01 09:00:00');

-- ============================================================
-- 14. 岗位申请 (3 条)
-- ============================================================
INSERT INTO `job_application` (`apply_id`, `job_id`, `applicant_user_id`, `apply_status`, `remark`, `apply_time`) VALUES
(1, 1, 4, 2, '已面试通过，安排入职',                '2024-01-15 10:00:00'),
(2, 2, 5, 1, '希望得到这份工作',                    '2024-02-10 14:00:00'),
(3, 3, 6, 1, '希望从事家政工作，有相关经验',         '2024-03-05 10:00:00');

-- ============================================================
-- 15. 技能培训课程 (4 门)
-- ============================================================
INSERT INTO `training_course` (`course_id`, `title`, `content`, `trainer`, `start_time`, `end_time`, `location`, `max_enroll`, `enrolled_count`, `status`, `publisher_id`) VALUES
(1, '花椒种植技术培训班',    '花椒树栽培管理、病虫害防治、施肥修剪技术', '县农技站张技术员', '2024-03-01 09:00:00', '2024-03-03 17:00:00', '田湖镇农民夜校',      50, 45, 4, 1),
(2, '电焊工技能培训班',      '手工电弧焊、气割安全操作、初级焊工考证',   '洛阳技师学院王老师', '2024-04-10 09:00:00', '2024-05-10 17:00:00', '嵩县职业中专实训楼',  30, 28, 3, 3),
(3, '电子商务入门课程',      '网店开设、直播带货基础、农产品线上销售',   '电商中心李讲师',     '2024-06-01 09:00:00', '2024-06-05 17:00:00', '县电商服务中心',      40, 0,  1, 7),
(4, '家政服务技能培训',      '家居清洁、老人护理、婴幼儿照护基本技能',   '洛阳家政协会刘老师', '2024-05-15 09:00:00', '2024-05-17 17:00:00', '嵩县人社局培训教室',  35, 20, 2, 7);

-- ============================================================
-- 16. 培训报名 (4 条)
-- ============================================================
INSERT INTO `training_enrollment` (`enroll_id`, `course_id`, `user_id`, `sign_in_time`, `status`, `enroll_time`) VALUES
(1, 1, 4, '2024-03-01 08:50:00', 2, '2024-02-20 10:00:00'),
(2, 2, 5, '2024-04-10 08:45:00', 2, '2024-03-20 10:00:00'),
(3, 4, 6, NULL,                  1, '2024-05-10 10:00:00'),
(4, 1, 5, NULL,                  3, '2024-02-25 10:00:00');

-- ============================================================
-- 17. 志愿者活动 (3 个)
-- ============================================================
INSERT INTO `volunteer_activity` (`activity_id`, `title`, `description`, `start_time`, `end_time`, `location`, `organizer_id`, `need_volunteers`, `registered_count`, `create_time`) VALUES
(1, '春节送温暖慰问活动',           '春节前走访慰问贫困户，送去米面油等生活物资',                         '2024-01-25 09:00:00', '2024-01-25 17:00:00', '田湖镇各村',    7, 15, 12, '2024-01-10 10:00:00'),
(2, '环境卫生整治志愿服务',         '帮助缺乏劳动力的贫困户打扫庭院、整理家居环境',                     '2024-04-20 08:00:00', '2024-04-20 12:00:00', '城关镇王庄村',  7, 20, 18, '2024-04-10 10:00:00'),
(3, '爱心助学公益义卖',             '组织志愿者义卖手工艺品，筹款资助贫困学生',                         '2024-06-01 08:00:00', '2024-06-01 18:00:00', '嵩县人民广场',  8, 10, 0,  '2024-05-20 10:00:00');

-- ============================================================
-- 18. 志愿服务记录 (4 条)
-- ============================================================
INSERT INTO `volunteer_record` (`record_id`, `activity_id`, `volunteer_user_id`, `sign_in_time`, `sign_out_time`, `service_hours`, `status`) VALUES
(1, 1, 7, '2024-01-25 08:30:00', '2024-01-25 17:30:00', 9.00, 3),
(2, 1, 8, '2024-01-25 09:00:00', '2024-01-25 16:00:00', 7.00, 3),
(3, 2, 7, '2024-04-20 07:45:00', '2024-04-20 12:15:00', 4.50, 3),
(4, 2, 8, '2024-04-20 08:00:00', '2024-04-20 12:00:00', 4.00, 3);

-- ============================================================
-- 19. 资讯文章 (5 篇)
-- ============================================================
INSERT INTO `news_article` (`article_id`, `title`, `content`, `type`, `publisher_id`, `view_count`, `is_top`, `status`, `create_time`) VALUES
(1, '关于进一步加强巩固拓展脱贫攻坚成果的通知',
    '<p>为贯彻落实党中央、国务院关于巩固拓展脱贫攻坚成果同乡村振兴有效衔接的决策部署，现就有关事项通知如下：</p><p>一、持续落实"四个不摘"要求，保持帮扶政策总体稳定。</p><p>二、健全防止返贫动态监测和帮扶机制。</p><p>三、加强扶贫项目资产管理和监督。</p>',
    '政策新闻', 1, 156, 1, 1, '2024-01-05 09:00:00'),

(2, '嵩县2024年上半年脱贫攻坚成果综述',
    '<p>2024年上半年，我县持续巩固拓展脱贫攻坚成果，各项工作取得显著成效。</p><p>全县脱贫人口人均纯收入同比增长12.5%，消除返贫致贫风险户87户，实施帮扶项目23个，开展技能培训15期，培训脱贫人口1200人次。</p>',
    '政策新闻', 1, 89, 0, 1, '2024-07-01 09:00:00'),

(3, '王大山家的"花椒致富经"',
    '<p>田湖镇小安头村脱贫户王大山，在帮扶责任人李为民的帮助下，通过种植花椒实现了增收致富。</p><p>2024年初，帮扶责任人帮他申请了花椒种植项目，种植花椒200株。目前花椒长势良好，预计明年可挂果，三年后进入丰产期，年可增收8000元以上。</p>',
    '脱贫案例', 1, 234, 1, 1, '2024-05-15 10:00:00'),

(4, '关于开展2024年防止返贫监测帮扶集中排查工作的通知',
    '<p>根据省市统一部署，决定在全县范围内开展2024年防止返贫监测帮扶集中排查工作。</p><p>排查时间：2024年8月1日至8月31日。</p><p>排查范围：全县所有农户。</p><p>排查内容：重点排查收入支出情况、"两不愁三保障"及饮水安全状况等。</p>',
    '通知公告', 1, 78, 0, 1, '2024-07-25 15:00:00'),

(5, '2024年第二季度捐赠资金及物资公示',
    '<p>根据《中华人民共和国慈善法》和信息公开要求，现将2024年第二季度（4月-6月）接收的捐赠资金和物资情况公示如下：</p><p>一、接收社会捐赠资金合计55,300.00元，其中定向捐赠20,000.00元。</p><p>二、接收捐赠物资大米100袋、食用油50桶、棉被20床，已全部发放至贫困户手中。</p><p>三、欢迎社会各界监督。</p>',
    '捐赠公示', 1, 45, 0, 1, '2024-07-05 10:00:00');

-- ============================================================
-- 20. 志愿者排行榜（基于服务记录视图）
-- ============================================================
-- 测试数据全部插入完成！
-- 共插入：7个用户 + 5户家庭 + 12名家庭成员 + 4对结对 + 8条措施
--         6条走访 + 4个项目 + 2条审计日志 + 5条需求
--         4笔资金捐赠 + 3笔物资捐赠 + 4个岗位 + 3条申请
--         4门课程 + 4条报名 + 3个活动 + 4条服务记录 + 5篇文章
-- ============================================================
